"year","union_hh_no","union_hh_yes"
2008,0.506528635319544,0.593401036588535
2012,0.508581522223392,0.539595563518211
2016,0.46752554346553,0.493991042490192
2020,0.496709727145748,0.534986677336965
